{"edge_mean": [-3.9869327457531245e-12, -6.379092393204999e-11, 0.0, 1.0046818256378174], "edge_std": [0.5021705627441406, 0.5021705627441406, 0.7106610536575317, 0.0020426269620656967]}