{"velocity_mean": [1.718941712169908e-05, -0.043002597987651825, -0.21155782043933868], "stress_mean": [129.65284729003906], "strain_mean": [0.008304271847009659], "peeq_mean": [0.00884434673935175], "velocity_std": [0.0022736084647476673, 0.11863642930984497, 0.20467592775821686], "stress_std": [286.3511657714844], "strain_std": [0.02829987183213234], "peeq_std": [0.03148219361901283]}